{
  "7360982123:1756058414": {
    "uid": 7360982123,
    "admin_id": null,
    "start_ts": 1756058414.6192863
  },
  "6403644551:1756061043": {
    "uid": 6403644551,
    "admin_id": null,
    "start_ts": 1756061043.5112555
  }
}